jaccard_similarity,jaccard_similarity,jaccard_similarity,jaccard_similarity
Ours,Stereoset,Winobias,Winogender
1.0,0.005319148936170213,0.0019083969465648854,0.00530035335689046
0.005319148936170213,1.0,0.008264462809917356,0.012195121951219513
0.0019083969465648854,0.008264462809917356,1.0,0.20388349514563106
0.00530035335689046,0.012195121951219513,0.20388349514563106,1.0
